{
  "cacheBootResources": false,
  "config": [ ],
  "debugBuild": false,
  "entryAssembly": "Project.Client",
  "icuDataMode": 1,
  "linkerEnabled": true,
  "resources": {
    "assembly": {
      "Microsoft.AspNetCore.Components.dll": "sha256-U0qGSWKd8qF\/4fnp6emQZfMPHF33SCnfpbejAVJGPfA=",
      "Microsoft.AspNetCore.Components.Forms.dll": "sha256-8a+aAYBOZPqcgKCEe3pcN5JJH+M0g2YggjKGN14NNvM=",
      "Microsoft.AspNetCore.Components.Web.dll": "sha256-AsgmJUMnmoaf5D+JCIIfUwRs052s8BMjg84JEVLBNZ8=",
      "Microsoft.AspNetCore.Components.WebAssembly.dll": "sha256-xMoVKiX9tcGhn0k2rYVBrXdEXxetQKZ2in6iKZFb3yo=",
      "Microsoft.Extensions.Configuration.dll": "sha256-bZZ69\/58+BnN9G33FpTd2iXAdfgLbBnDUiiKxfaZ7IU=",
      "Microsoft.Extensions.Configuration.Abstractions.dll": "sha256-7mxFRRlriJzO95ZBz4cmDSFADogdaoDy8MxzQoNtwaU=",
      "Microsoft.Extensions.Configuration.Json.dll": "sha256-cwzKuqTaJjYc5QXknt6NaBt\/MWSt9DYHfmu0I\/CV2mc=",
      "Microsoft.Extensions.DependencyInjection.dll": "sha256-3M5HLhwr6aFByq3YSnp+yMWxEsGMOyR0FUtURRzgpPw=",
      "Microsoft.Extensions.DependencyInjection.Abstractions.dll": "sha256-80n8h1ui3zOXUNk3tmhuoYgaxzIpdhAjoN2kdwWLnY0=",
      "Microsoft.Extensions.Logging.dll": "sha256-TpIA498zSsaZAjS+42XzHSmeWdSuY4\/\/ydfZQGlz1O8=",
      "Microsoft.Extensions.Logging.Abstractions.dll": "sha256-OsmdQoFiNmpqW0WHVklQ4R5\/fLVeqFPmPBRQzZxxufQ=",
      "Microsoft.Extensions.Options.dll": "sha256-g1C9Fnh++M4k1mLduCz2yUnf\/70tTCbdZ\/s6bDjsmZM=",
      "Microsoft.Extensions.Primitives.dll": "sha256-32yXMbcCMbfUq7vtlIPput8uO7SZK8E9m3V8EXMScBc=",
      "Microsoft.JSInterop.dll": "sha256-pp+qrJUfwKaGRjrjBfsfN4677WKLXC7UXr2Fk24C9Fw=",
      "Microsoft.JSInterop.WebAssembly.dll": "sha256-LkNprID5vhUSogSnLuIsAzYQL4dtKGSGQSGrlWJ+Kos=",
      "System.IO.Pipelines.dll": "sha256-qZYTUS+ga7CydtH54fYPbehFCvx3B49I74G8dxreTog=",
      "Blazor.FileReader.dll": "sha256-c9almaExeDoi3yJ2JAl\/jDaqI\/s\/3aDNQTKokLcRps0=",
      "Project.Shared.dll": "sha256-BcISdb9De\/tVCCRcc8\/QhqxvuUgF20kKpsDAzefxDn4=",
      "Project.Client.dll": "sha256-uN1i4Z9UyjA5JdOVZa1xf+mGgWZiNEuD6vrgcE6dRL4=",
      "System.Collections.Concurrent.dll": "sha256-TFYhy7tcDWGiOyUnWhNNIKLygY7byEqAkMoFc8G8v6g=",
      "System.Collections.Immutable.dll": "sha256-IskwtBQvhGeMpftPkbJrLL2ieT+ZS7Cteei\/dL7+Btc=",
      "System.Collections.NonGeneric.dll": "sha256-kh4CM8tXosorLxhPbkD5HiKHP88ncWBDvPuSqe2ybhI=",
      "System.Collections.Specialized.dll": "sha256-wXsGUqQnSUGqbJX+R5jLDxAyY3RrfW0V3wcd5sAB6Y4=",
      "System.Collections.dll": "sha256-+jE6e4MjM1RrwaiZOvsa8bEx3FCTHTSTEIdrHf3eEOc=",
      "System.ComponentModel.Annotations.dll": "sha256-amLZ0IQKN8X4Z5qGdnTZAr1nMDKXmkpIBJ5eGPHcpcQ=",
      "System.ComponentModel.Primitives.dll": "sha256-t89c2iFpttFXDOH4eGu0I+pOQ+7V6Rf++NnL68ZMkew=",
      "System.ComponentModel.TypeConverter.dll": "sha256-d1CJyCwobCsvxvM\/9fbCEqqQeAtgy52+oIwJdEtlz4g=",
      "System.ComponentModel.dll": "sha256-fCPW2ao2DGmJlxTxDOp1q1pKZK0EEKe8HToMRphMYFM=",
      "System.Console.dll": "sha256-JaU2seTRBr7nRZw9j3OE2uhstzZHaagRUvXmpI5DI\/w=",
      "System.Linq.Expressions.dll": "sha256-ZJvlseH3obuhC2E6qsA96lC07P6ISrzHsS0t48wrKrw=",
      "System.Linq.dll": "sha256-swCcP2eyRHxY7I4Aez7CHIyit+5\/HCrMwDLYq4Jo3IA=",
      "System.Memory.dll": "sha256-ItQUyDLmwNWsOuM7v39nxPgswJ++FYUUN2RMlWWv0BU=",
      "System.Net.Http.Json.dll": "sha256-2pLDcQvduOnVpMpoJmc8yNvrp3shxd8JmgZ1XbRnCxQ=",
      "System.Net.Http.dll": "sha256-aTDb5PIGwVqykR2zzh7QwP6t6EceRwU7FdWKNheQaEA=",
      "System.Net.Primitives.dll": "sha256-Yw3ZjJzEniXlD4pnChtlKQ55jwwXn+BfUYyLoNtwUsw=",
      "System.ObjectModel.dll": "sha256-a3+vourcDrmq72txsDyP+Px2B2A9HcXPpbZprabNixQ=",
      "System.Private.Runtime.InteropServices.JavaScript.dll": "sha256-nCCqD8tVcl961HhYM1VpZQzCGFoJLTec9Ong05k23ZY=",
      "System.Private.Uri.dll": "sha256-cWu2lwYb0F4MUwskPA05OtycB8Kq+KS0WF98OJFrCJs=",
      "System.Runtime.CompilerServices.Unsafe.dll": "sha256-U7pOH64ikWO19pN3O8zj3\/DLUHaNmmV0NI7TaS2Nybo=",
      "System.Runtime.InteropServices.RuntimeInformation.dll": "sha256-8P6y\/o6HIckX5rj8PNkNgjxh0OgxW3eFi9K7wliLfW0=",
      "System.Text.Encodings.Web.dll": "sha256-fyb5d68lRCdh+yis\/FzNAyUXv0wKFL7k4pj9ZdZBCac=",
      "System.Text.Json.dll": "sha256-R44R5TKmMRTLdxhAK2EWdanQsQuKnhL\/a\/vOxR3ulL0=",
      "System.Private.CoreLib.dll": "sha256-BdNNOnb7QX0uberRlDyCMfIAs2EFXBCymDXevT6XnIk="
    },
    "lazyAssembly": null,
    "pdb": null,
    "runtime": {
      "dotnet.timezones.blat": "sha256-OEDZp6noMH3AdT8qd0zd7ZXzy2CsPQ+CZeQnYmRoVWo=",
      "dotnet.wasm": "sha256-YXYNlLeMqRPFVpY2KSDhleLkNk35d9KvzzwwKAoiftc=",
      "icudt.dat": "sha256-m7NyeXyxM+CL04jr9ui1Z6pVfMWwhHusuz5qNZWpAwA=",
      "icudt_CJK.dat": "sha256-91bygK5voY9lG5wxP0\/uj7uH5xljF9u7iWnSldT1Z\/g=",
      "icudt_EFIGS.dat": "sha256-DPfeOLph83b2rdx40cKxIBcfVZ8abTWAFq+RBQMxGw0=",
      "icudt_no_CJK.dat": "sha256-oM7Z6aN9jHmCYqDMCBwFgFAYAGgsH1jLC\/Z6DYeVmmk=",
      "dotnet.5.0.6.js": "sha256-I5VC+YUYUBudBWJmDVJBNKOtxIJtlwTf75bz+XYls74="
    },
    "satelliteResources": null
  }
}